{"cameraMode":{"drawMode":0,"name":"Shaded","section":"Shading Mode"},"sceneLighting":false,"audioPlay":false,"sceneViewState":{"showFog":true,"showMaterialUpdate":false,"showSkybox":false,"showFlares":true,"showImageEffects":true,"showParticleSystems":true},"in2DMode":false,"pivot":{"x":-8.147802352905274,"y":2.5115933418273927,"z":13.800000190734864},"rotation":{"x":0.3101651072502136,"y":-0.06780187785625458,"z":0.022186938673257829,"w":0.9480099678039551},"size":2.0151913166046144,"orthographic":false}