{"cameraMode":{"drawMode":0,"name":"Shaded","section":"Shading Mode"},"sceneLighting":true,"audioPlay":false,"sceneViewState":{"showFog":true,"showMaterialUpdate":false,"showSkybox":true,"showFlares":true,"showImageEffects":true,"showParticleSystems":true},"in2DMode":false,"pivot":{"x":-0.8656875491142273,"y":-60.23174285888672,"z":34.66307067871094},"rotation":{"x":0.4478859603404999,"y":-7.058748110466695e-7,"z":0.0000015272754581019399,"w":0.8940942287445068},"size":80.13504028320313,"orthographic":false}