{"cameraMode":{"drawMode":0,"name":"Shaded","section":"Shading Mode"},"sceneLighting":true,"audioPlay":false,"sceneViewState":{"showFog":true,"showMaterialUpdate":false,"showSkybox":true,"showFlares":true,"showImageEffects":true,"showParticleSystems":true},"in2DMode":false,"pivot":{"x":23.04292869567871,"y":141.61337280273438,"z":-19.166324615478517},"rotation":{"x":-0.4113398492336273,"y":0.09325145930051804,"z":-0.04235079884529114,"w":-0.905711829662323},"size":55.04458236694336,"orthographic":false}